{"file":"dlyim.png","frames":{
"dlyim_setting_toggleon":{"x":1845,"y":192,"w":31,"h":11,"offX":0,"offY":0,"sourceW":31,"sourceH":11},
"dlyim_setting_toggleoff":{"x":1931,"y":202,"w":31,"h":10,"offX":0,"offY":0,"sourceW":31,"sourceH":10},
"dlyim_setting_btnarrow":{"x":1866,"y":181,"w":11,"h":8,"offX":0,"offY":0,"sourceW":11,"sourceH":8},
"dlyim_setting_bg":{"x":1972,"y":79,"w":36,"h":41,"offX":0,"offY":0,"sourceW":36,"sourceH":41},
"dlyim_main_send2":{"x":1931,"y":40,"w":86,"h":37,"offX":0,"offY":0,"sourceW":86,"sourceH":37},
"dlyim_main_send1":{"x":1931,"y":1,"w":86,"h":37,"offX":0,"offY":0,"sourceW":86,"sourceH":37},
"dlyim_main_select":{"x":1845,"y":174,"w":19,"h":16,"offX":0,"offY":0,"sourceW":19,"sourceH":16},
"dlyim_main_reddot":{"x":1917,"y":231,"w":10,"h":10,"offX":0,"offY":0,"sourceW":10,"sourceH":10},
"dlyim_main_line2":{"x":2007,"y":209,"w":24,"h":1,"offX":0,"offY":0,"sourceW":24,"sourceH":1},
"dlyim_main_line":{"x":2007,"y":212,"w":22,"h":1,"offX":0,"offY":0,"sourceW":22,"sourceH":1},
"dlyim_main_iconsearch":{"x":1938,"y":230,"w":15,"h":14,"offX":0,"offY":0,"sourceW":15,"sourceH":14},
"dlyim_main_bubble2":{"x":1911,"y":162,"w":29,"h":28,"offX":0,"offY":0,"sourceW":29,"sourceH":28},
"dlyim_main_bubble1":{"x":1972,"y":122,"w":35,"h":30,"offX":0,"offY":0,"sourceW":35,"sourceH":30},
"dlyim_main_btnsmall":{"x":1964,"y":205,"w":11,"h":1,"offX":0,"offY":0,"sourceW":11,"sourceH":1},
"dlyim_main_btnclose":{"x":1898,"y":200,"w":10,"h":10,"offX":0,"offY":0,"sourceW":10,"sourceH":10},
"dlyim_main_btnbig":{"x":1955,"y":243,"w":9,"h":9,"offX":0,"offY":0,"sourceW":9,"sourceH":9},
"dlyim_main_btnarrow":{"x":1966,"y":243,"w":11,"h":7,"offX":0,"offY":0,"sourceW":11,"sourceH":7},
"dlyim_main_btnadd":{"x":1911,"y":130,"w":30,"h":30,"offX":0,"offY":0,"sourceW":30,"sourceH":30},
"dlyim_main_bgside":{"x":2010,"y":79,"w":35,"h":35,"offX":0,"offY":0,"sourceW":35,"sourceH":35},
"dlyim_main_bgsearch3":{"x":1943,"y":130,"w":26,"h":22,"offX":0,"offY":0,"sourceW":26,"sourceH":22},
"dlyim_main_bgsearch2":{"x":1745,"y":153,"w":23,"h":25,"offX":0,"offY":0,"sourceW":23,"sourceH":25},
"dlyim_main_bgsearch1":{"x":1981,"y":183,"w":27,"h":23,"offX":0,"offY":0,"sourceW":27,"sourceH":23},
"dlyim_main_bglist":{"x":1871,"y":69,"w":52,"h":46,"offX":0,"offY":0,"sourceW":52,"sourceH":46},
"dlyim_main_bginput":{"x":2009,"y":150,"w":33,"h":31,"offX":0,"offY":0,"sourceW":33,"sourceH":31},
"dlyim_main_bgbox":{"x":1871,"y":117,"w":38,"h":41,"offX":0,"offY":0,"sourceW":38,"sourceH":41},
"dlyim_main_barscroll":{"x":2000,"y":208,"w":5,"h":35,"offX":0,"offY":0,"sourceW":5,"sourceH":35},
"dlyim_login_small":{"x":1964,"y":202,"w":11,"h":1,"offX":0,"offY":0,"sourceW":11,"sourceH":1},
"dlyim_login_btnclose":{"x":2036,"y":198,"w":10,"h":10,"offX":0,"offY":0,"sourceW":10,"sourceH":10},
"dlyim_login_btnbig":{"x":2033,"y":210,"w":11,"h":1,"offX":0,"offY":0,"sourceW":11,"sourceH":1},
"dlyim_login_bgQR":{"x":1494,"y":1,"w":223,"h":223,"offX":0,"offY":0,"sourceW":223,"sourceH":223},
"dlyim_login_bg2":{"x":1,"y":1,"w":800,"h":600,"offX":0,"offY":0,"sourceW":800,"sourceH":600},
"dlyim_login_bg":{"x":803,"y":1,"w":689,"h":553,"offX":0,"offY":0,"sourceW":689,"sourceH":553},
"dlyim_info_talk":{"x":1824,"y":153,"w":21,"h":18,"offX":0,"offY":0,"sourceW":21,"sourceH":18},
"dlyim_info_share":{"x":1983,"y":208,"w":15,"h":20,"offX":0,"offY":0,"sourceW":15,"sourceH":20},
"dlyim_info_girl":{"x":1911,"y":117,"w":11,"h":11,"offX":0,"offY":0,"sourceW":11,"sourceH":11},
"dlyim_info_boy":{"x":1982,"y":230,"w":12,"h":12,"offX":0,"offY":0,"sourceW":12,"sourceH":12},
"dlyim_info_bg":{"x":1925,"y":79,"w":45,"h":49,"offX":0,"offY":0,"sourceW":45,"sourceH":49},
"dlyim_info_addfriend":{"x":1719,"y":179,"w":19,"h":25,"offX":0,"offY":0,"sourceW":19,"sourceH":25},
"dlyim_icon_voice2":{"x":2019,"y":61,"w":19,"h":15,"offX":0,"offY":0,"sourceW":19,"sourceH":15},
"dlyim_icon_voice1":{"x":1917,"y":214,"w":19,"h":15,"offX":0,"offY":0,"sourceW":19,"sourceH":15},
"dlyim_icon_video2":{"x":1938,"y":214,"w":20,"h":13,"offX":0,"offY":0,"sourceW":20,"sourceH":13},
"dlyim_icon_video1":{"x":1960,"y":228,"w":20,"h":13,"offX":0,"offY":0,"sourceW":20,"sourceH":13},
"dlyim_icon_setting2":{"x":2010,"y":183,"w":24,"h":24,"offX":0,"offY":0,"sourceW":24,"sourceH":24},
"dlyim_icon_setting1":{"x":1719,"y":153,"w":24,"h":24,"offX":0,"offY":0,"sourceW":24,"sourceH":24},
"dlyim_icon_screenshot2":{"x":1898,"y":212,"w":17,"h":18,"offX":0,"offY":0,"sourceW":17,"sourceH":18},
"dlyim_icon_screenshot1":{"x":1964,"y":208,"w":17,"h":18,"offX":0,"offY":0,"sourceW":17,"sourceH":18},
"dlyim_icon_record2":{"x":1889,"y":160,"w":20,"h":18,"offX":0,"offY":0,"sourceW":20,"sourceH":18},
"dlyim_icon_record1":{"x":1889,"y":180,"w":20,"h":18,"offX":0,"offY":0,"sourceW":20,"sourceH":18},
"dlyim_icon_file2":{"x":1878,"y":200,"w":18,"h":18,"offX":0,"offY":0,"sourceW":18,"sourceH":18},
"dlyim_icon_file1":{"x":1911,"y":192,"w":18,"h":18,"offX":0,"offY":0,"sourceW":18,"sourceH":18},
"dlyim_icon_expression2":{"x":1868,"y":160,"w":19,"h":19,"offX":0,"offY":0,"sourceW":19,"sourceH":19},
"dlyim_icon_expression1":{"x":1824,"y":173,"w":19,"h":19,"offX":0,"offY":0,"sourceW":19,"sourceH":19},
"dlyim_icon_contact2":{"x":2019,"y":31,"w":27,"h":28,"offX":0,"offY":0,"sourceW":27,"sourceH":28},
"dlyim_icon_contact1":{"x":2019,"y":1,"w":27,"h":28,"offX":0,"offY":0,"sourceW":27,"sourceH":28},
"dlyim_icon_chat11":{"x":1943,"y":178,"w":36,"h":22,"offX":0,"offY":0,"sourceW":36,"sourceH":22},
"dlyim_icon_chat10":{"x":1943,"y":154,"w":36,"h":22,"offX":0,"offY":0,"sourceW":36,"sourceH":22},
"dlyim_icon_chat01":{"x":1770,"y":153,"w":25,"h":21,"offX":0,"offY":0,"sourceW":25,"sourceH":21},
"dlyim_icon_chat00":{"x":1797,"y":153,"w":25,"h":21,"offX":0,"offY":0,"sourceW":25,"sourceH":21},
"dlyim_icon_add":{"x":1847,"y":153,"w":19,"h":19,"offX":0,"offY":0,"sourceW":19,"sourceH":19},
"dlyim_contact_iconnew":{"x":2010,"y":116,"w":34,"h":32,"offX":0,"offY":0,"sourceW":34,"sourceH":32},
"dlyim_contact_bgbtn":{"x":2036,"y":183,"w":10,"h":13,"offX":0,"offY":0,"sourceW":10,"sourceH":13},
"dlyim_addfriend_input":{"x":1981,"y":154,"w":26,"h":25,"offX":0,"offY":0,"sourceW":26,"sourceH":25},
"dlyim_addfriend_bg":{"x":1871,"y":1,"w":58,"h":66,"offX":0,"offY":0,"sourceW":58,"sourceH":66},
"dlyim_main_grouphead":{"x":1719,"y":1,"w":150,"h":150,"offX":0,"offY":0,"sourceW":150,"sourceH":150}}}